WaterProviderName,FIPS_ID,FIPS_ID_Flag,GNIS_ID,GNIS_ID_Flag,DOLA_LG_ID,DOLA_LG_ID_Flag,BNDSS_ID,BNDSS_ID_Flag,PWS_ID,PWS_ID_Flag,BusinessEntity_ID,BusinessEntity_ID_Flag,OWF_ID,OWF_ID_Flag,LocalGovtType,EntityStartYear,EntityStartYear_Flag,EntityEndYear,EntityEndYear_Flag,County_CSV,NumCounty,IBCC_Basin,Latitude,Longitude,Lat_Long_Flag,Website,Website_Flag,WaterEfficiencyPlan_URL,WaterForecast_URL,Comment
"Akron, Town of",925,G,2412340,G,61002,G,Akron,G,CO0161001,G,,N,Akron,G,Municipality,,x,,x,Washington,1,South Platte,40.163374,-103.220269,G,www.townofakron.com,G,None,,
"Alma, Town of",1530,G,2412350,G,47001,G,Alma,G,CO0147001,G,,N,Alma,G,Municipality,,x,,x,Park,1,South Platte,39.285945,-106.067034,G,http://www.townofalma.com/,G,None,,
"Arriba, Town of",3235,G,2411647,G,37002,G,Arriba,G,CO0137001,G,,N,Arriba,G,Municipality,,x,,x,Lincoln,1,South Platte,39.284338,-103.274051,G,https://www.colorado.gov/arriba,G,None,,
"Ault, Town of",3950,G,2411653,G,62003,G,,M,CO0162125,G,,N,Ault,C,Municipality,,x,,x,Weld,1,South Platte,40.589343,-104.740423,G,http://www.townofault.org/,G,None,,Not in the original BNDSS list
Bailey Water and Sanitation District,,N,,N,47002,G,BaileyWSD,G,CO0147010,G,,N,BaileyWSD,G,Water and Sanitation District,,x,,x,Park,1,South Platte,39.406667,-105.480359,G,http://baileywater-org.webs.com/,G,None,,Not in the Covered Entities database
"Bennett, Town of",6090,G,2411676,G,64258,G,Bennett,G,CO0101020,G,,N,Bennett,G,Municipality,,x,,x,"Adams, Arapahoe",2,South Platte,39.736358,-104.428527,G,https://www.colorado.gov/townofbennett,G,,,
"Berthoud, Town of",6255,G,2411681,G,64237,G,Berthoud,G,CO0135138,G,,N,Berthoud,G,Municipality,,x,,x,"Larimer, Weld",2,South Platte,40.307017,-105.041523,G,http://www.berthoud.org/,G,,,
"Bethune, Town of",6530,G,2411684,G,32001,G,Bethune,G,CO0132001,G,,N,Bethune,G,Municipality,,x,,x,Kit Carson,1,South Platte,39.303822,-102.423414,G,,M,,,
"Black Hawk, City of",7025,G,2409856,G,24001,G,BlackHawk,G,CO0124147,G,,N,BlackHawk,G,Municipality,,x,,x,Gilpin,1,South Platte,39.804295,-105.494544,G,http://www.cityofblackhawk.org/,G,,,
"Boulder, City of",7850,G,2409883,G,7006,G,Boulder,G,CO0107152,G,,N,Boulder,G,Municipality,,x,,x,Boulder,1,South Platte,40.027293,-105.251551,G,https://bouldercolorado.gov/,G,https://www-static.bouldercolorado.gov/docs/WEP_October_Final-1-201610180831.pdf,,
"Broomfield, City and County of",9280,G,2409919,G,64030,G,Broomfield,G,CO0107155,G,,N,Broomfield,G,Municipality,,x,,x,Broomfield,1,South Platte,39.954161,-105.052589,G,https://www.broomfield.org/,G,None,,
"Brush, City of",9555,G,2409926,G,44001,G,Brush,G,CO0144001,G,,N,Brush,G,Municipality,,x,,x,Morgan,1,South Platte,40.258147,-103.632022,G,http://www.brushcolo.com/,G,,,
Buffalo Creek Water District,,N,,N,30146,G,BuffaloCreekWD,G,CO0130015,G,,N,BuffaloCreekWD,G,Water District,,x,,x,Jefferson,1,South Platte,39.38475,-105.269526,G,,M,None,,
"Burlington, City of",10600,G,2409946,G,32004,G,Burlington,G,CO0132005,G,,N,Burlington,G,Municipality,,x,,x,Kit Carson,1,South Platte,39.304205,-102.271483,G,http://www.burlingtoncolo.com/,G,,,
"Central City, City of",12910,G,2409427,G,64263,G,CentralCity,G,CO0124171,G,,N,CentralCity,G,Municipality,,x,,x,"Clear Creek, Gilpin",2,South Platte,39.797462,-105.516892,G,https://www.colorado.gov/centralcity,G,,,
Central Weld County Water District,,N,,N,62005,G,CWCWD,G,CO0162122,G,,N,CWCWD,G,Water District,,x,,x,Weld,1,South Platte,40.274417,-104.715642,G,www.cwcwd.com,G,None,,
"Cheyenne Wells, Town of",14175,G,2413197,G,9007,G,,M,CO0109006,G,,N,CheyenneWells,C,Municipality,,x,,x,Cheyenne,1,South Platte,38.819202,-102.35203,G,http://townofcheyennewells.com/,G,,,Not in the original BNDSS list
"Crook, Town of",18640,G,2412389,G,38002,G,,M,CO0138005,G,,N,Crook,C,Municipality,,x,,x,Logan,1,South Platte,40.859165,-102.801366,G,,M,,,Not in the original BNDSS list
"Dacono, City of",19080,G,2410283,G,62007,G,Dacono,G,CO0162200,G,,N,Dacono,G,Municipality,,x,,x,Weld,1,South Platte,40.062017,-104.948282,G,http://www.ci.dacono.co.us/,G,http://www.ci.dacono.co.us/DocumentCenter/Home/View/621,,
"Deer Trail, Town of",19630,G,2412415,G,3033,G,,M,CO0103030,G,,N,DeerTrail,C,Municipality,,x,,x,Arapahoe,1,South Platte,39.615363,-104.043303,G,http://www.townofdeertrail.co/,G,,,Not in the original BNDSS list
East Boulder County Water District,,N,,N,7071,G,EBoulderCoWD,G,CO0107236,G,,N,EBoulderCoWD,G,Water District,,x,,x,Boulder,1,South Platte,39.97726,-105.177988,G,www.eastboulderwater.com/,G,,,
East Larimer County Water District,,N,,N,64056,G,ELCO,G,CO0135233,G,,N,ELCO,G,Water District,,x,,x,"Larimer, Weld",2,South Platte,40.616102,-105.015072,G,www.elcowater.org,G,,,
"Eaton, Town of",22860,G,2412462,G,62008,G,Eaton,G,CO0162233,G,,N,Eaton,G,Municipality,,x,,x,Weld,1,South Platte,40.527223,-104.712559,G,http://www.eatonco.org/,G,http://cwcbweblink.state.co.us/WebLink/0/doc/168011/Page14.aspx,,
"Eckley, Town of",23025,G,2412464,G,63003,G,Eckley,G,CO0163001,G,,N,Eckley,G,Municipality,,x,,x,Yuma,1,South Platte,40.112252,-102.488307,G,http://townofeckley.weebly.com/,G,,,
"Elizabeth, Town of",23740,G,2412474,G,20004,G,,M,CO0120010,G,,N,Elizabeth,C,Municipality,,x,,x,Elbert,1,South Platte,39.361015,-104.606172,G,http://www.townofelizabeth.org/,G,,,Not in the original BNDSS list
"Empire, Town of",24620,G,2412485,G,10005,G,Empire,G,CO0110010,G,,N,Empire,G,Municipality,,x,,x,Clear Creek,1,South Platte,39.759449,-105.682783,G,,M,,,
"Erie, Town of",24950,G,2412599,G,64060,G,Erie,G,CO0162255,G,,N,Erie,G,Municipality,,x,,x,"Boulder, Weld",2,South Platte,40.040157,-105.040252,G,https://www.erieco.gov/,G,https://www.erieco.gov/DocumentCenter/Home/View/245,,
"Estes Park, Town of",25115,G,2412603,G,35004,G,EstesPark,G,CO0135257,G,,N,EstesPark,G,Municipality,,x,,x,Larimer,1,South Platte,40.36987,-105.521623,G,https://www.colorado.gov/townofestespark,G,http://cwcbweblink.state.co.us/WebLink/0/doc/171817/Electronic.aspx,,
"Evans, City of",25280,G,2410467,G,62011,G,Evans,G,CO0162260,G,,N,Evans,G,Municipality,,x,,x,Weld,1,South Platte,40.366034,-104.738911,G,http://www.evanscolorado.gov/,G,http://www.evanscolorado.gov/sites/default/files/fileattachments/public_works/page/478/water_conservation_plan.adopted.pdf,,
"Fairplay, Town of",25610,G,2412616,G,47005,G,Fairplay,G,CO0147020,G,,N,Fairplay,G,Municipality,,x,,x,Park,1,South Platte,39.224496,-105.996948,G,http://fairplayco.us/,G,,,
"Firestone, Town of",26600,G,2412626,G,62012,G,Firestone,G,CO0162476,G,,N,Firestone,G,Municipality,,x,,x,Weld,1,South Platte,40.156383,-104.94947,G,http://www.firestoneco.gov/,G,http://www.firestoneco.gov/DocumentCenter/View/698,,
"Flagler, Town of",26765,G,2412628,G,32010,G,Flagler,G,CO0132010,G,,N,Flagler,G,Municipality,,x,,x,Kit Carson,1,South Platte,39.294399,-103.075062,G,http://flaglercolorado.com/,G,,,
"Fleming, Town of",26875,G,2412631,G,38005,G,,M,CO0138010,G,,N,Fleming,C,Municipality,,x,,x,Logan,1,South Platte,40.681191,-102.839506,G,,M,,,Not in the original BNDSS list
"Fort Collins, City of",27425,G,2410526,G,35009,G,FtCollins,G,CO0135291,G,,N,FtCollins,G,Municipality,,x,,x,Larimer,1,South Platte,40.54776,-105.065725,G,https://www.fcgov.com/,G,https://www.fcgov.com/utilities/img/site_specific/uploads/WEP_2015-17_FullDraft_NoWaterMark_v9.pdf,,
Fort Collins-Loveland Water District,,N,,N,35007,G,FCLWD,G,CO0135292,G,,N,FCLWD,G,Water District,,x,,x,"Larimer, Weld",2,South Platte,40.49224,-105.034918,G,www.fclwd.com,G,,,
"Fort Lupton, City of",27700,G,2410528,G,62014,G,FtLupton,G,CO0162291,G,,N,FtLupton,G,Municipality,,x,,x,Weld,1,South Platte,40.084165,-104.802365,G,http://www.fortlupton.org/,G,http://www.fortlupton.org/Archive/ViewFile/Item/59,,
"Fort Morgan, City of",27810,G,2410529,G,44006,G,FtMorgan,G,CO0144005,G,,N,FtMorgan,G,Municipality,,x,,x,Morgan,1,South Platte,40.255795,-103.790371,G,http://www.cityoffortmorgan.com/,G,http://www.cityoffortmorgan.com/DocumentCenter/Home/View/490,,
"Frederick, Town of",28360,G,2412656,G,62016,G,Frederick,G,CO0162288,G,,N,Frederick,G,Municipality,,x,,x,Weld,1,South Platte,40.109531,-104.966881,G,https://www.frederickco.gov/,G,https://www.frederickco.gov/DocumentCenter/View/533,,
"Garden City, Town of",29185,G,2412667,G,62018,G,,M,CO0140897,G,,N,GardenCity,C,Municipality,,x,,x,Weld,1,South Platte,40.394586,-104.689525,G,http://townofgardencity.com/,G,,,Not in the original BNDSS list
"Genoa, Town of",29680,G,2412675,G,37004,G,,M,CO0137005,G,,N,Genoa,C,Municipality,,x,,x,Lincoln,1,South Platte,39.278264,-103.49931,G,https://www.colorado.gov/townofgenoa,G,,,Not in the original BNDSS list
"Georgetown, Town of",29735,G,2412677,G,10007,G,Georgetown,G,CO0110015,G,,N,Georgetown,G,Municipality,,x,,x,Clear Creek,1,South Platte,39.717971,-105.694229,G,https://www.georgetown-colorado.org/,G,,,
"Gilcrest, Town of",29955,G,2412683,G,62020,G,,M,CO0162310,G,,N,Gilcrest,C,Municipality,,x,,x,Weld,1,South Platte,40.284171,-104.782024,G,http://townofgilcrest.org/,G,,,Not in the original BNDSS list
"Greeley, City of",32155,G,2410654,G,62022,G,Greeley,G,CO0162321,G,,N,Greeley,G,Municipality,,x,,x,Weld,1,South Platte,40.414917,-104.770666,G,https://greeleygov.com/,G,http://cwcbweblink.state.co.us/WebLink/ElectronicFile.aspx?docid=131791&&&&dbid=0,,
"Grover, Town of",33310,G,2412712,G,62023,G,,M,CO0162322,G,,N,Grover,C,Municipality,,x,,x,Weld,1,South Platte,40.869104,-104.225941,G,,M,,,Not in the original BNDSS list
"Haxtun, Town of",34960,G,2412738,G,48004,G,,M,CO0148001,G,,N,Haxtun,C,Municipality,,x,,x,Phillips,1,South Platte,40.641876,-102.629715,G,,M,,,Not in the original BNDSS list
"Hillrose, Town of",36610,G,2412751,G,44007,G,,M,CO0144010,G,,N,Hillrose,C,Municipality,,x,,x,Morgan,1,South Platte,40.324654,-103.522175,G,http://www.hillrosecolorado.org/,G,,,Not in the original BNDSS list
"Holyoke, City of",37270,G,2410781,G,48005,G,Holyoke,G,CO0148005,G,,N,Holyoke,G,Municipality,,x,,x,Phillips,1,South Platte,40.583414,-102.299812,G,http://www.cityofholyoke-co.gov/,G,,,
"Hudson, Town of",37820,G,2412776,G,62029,G,Hudson,G,CO0162359,G,,N,Hudson,G,Municipality,,x,,x,Weld,1,South Platte,40.089828,-104.621449,G,https://hudsoncolorado.org/,G,,,
"Idaho Springs Public Works, City of",38370,G,2410092,G,10008,G,IdahoSpgs,G,CO0110020,G,,N,IdahoSpgs,G,Municipality,,x,,x,Clear Creek,1,South Platte,39.744445,-105.500109,G,http://www.idahospringsco.com/,G,,,
"Iliff, Town of",38590,G,2412788,G,38007,G,,M,CO0138015,G,,N,Iliff,C,Municipality,,x,,x,Logan,1,South Platte,40.759083,-103.066182,G,,M,,,Not in the original BNDSS list
"Jamestown, Town of",39195,G,2412800,G,7018,G,Jamestown,G,CO0107401,G,,N,Jamestown,G,Municipality,,x,,x,Boulder,1,South Platte,40.118344,-105.39163,G,http://www.jamestownco.org/,G,,,
Johnstown Water-Sewer Trash,39855,G,2412807,G,64266,G,JohnstownWST,G,CO0162418,G,,N,JohnstownWST,G,Municipality,,x,,x,"Larimer, Weld",2,South Platte,40.349893,-104.948157,G,http://www.townofjohnstown.com/,G,,,
"Julesburg, Town of",39965,G,2412812,G,58004,G,,M,CO0158001,G,,N,Julesburg,C,Municipality,,x,,x,Sedgwick,1,South Platte,40.984514,-102.26276,G,http://www.townofjulesburg.com/,G,,,Not in the original BNDSS list
"Keenesburg, Town of",40185,G,2412820,G,62033,G,Keenesburg,G,CO0162438,G,,N,Keenesburg,G,Municipality,,x,,x,Weld,1,South Platte,40.11158,-104.503505,G,https://www.townofkeenesburg.com/,G,,,
"Kersey, Town of",40515,G,2412828,G,62035,G,Kersey,G,CO0055558,G,,N,Kersey,G,Municipality,,x,,x,Weld,1,South Platte,40.387783,-104.564447,G,http://www.townofkersey.com/,G,,,
"Kiowa, Town of",40790,G,2412838,G,20005,G,Kiowa,G,CO0120015,G,,N,Kiowa,G,Municipality,,x,,x,Elbert,1,South Platte,39.343041,-104.455417,G,http://www.townofkiowa.com/,G,,,
"La Salle, Town of",43605,G,2412856,G,62037,G,,M,CO0162466,G,,N,LaSalle,C,Municipality,,x,,x,Weld,1,South Platte,40.34848,-104.706165,G,http://www.lasalletown.com/,G,,,Not in the original BNDSS list
"Lafayette, City of",41835,G,2411592,G,7020,G,Lafayette,G,CO0107473,G,,N,Lafayette,G,Municipality,,x,,x,Boulder,1,South Platte,39.994674,-105.099662,G,https://www.cityoflafayette.com/,G,http://cwcbweblink.state.co.us/WebLink/0/doc/139908/Electronic.aspx,,
Left Hand Water District,,N,,N,64194,G,LHWD,G,CO0107471,G,,N,LHWD,G,Water District,,x,,x,"Boulder, Broomfield, Weld",3,South Platte,40.109368,-105.129683,G,www.lefthandwater.org,G,,,
Little Thompson Water District,,N,,N,64083,G,LTWD,G,CO0135477,G,,N,LTWD,G,Water District,,x,,x,"Boulder, Larimer, Weld",3,South Platte,40.321384,-105.016613,G,http://ltwd.org/,G,,,
"Lochbuie, Town of",45530,G,2412905,G,62038,G,Lochbuie,G,CO0162486,G,,N,Lochbuie,G,Municipality,,x,,x,"Adams, Weld",2,South Platte,40.011701,-104.727105,G,http://www.lochbuie.org/,G,,,
"Log Lane Village, Town of",45695,G,2412910,G,44009,G,LogLaneVlg,G,CO0144015,G,,N,LogLaneVlg,G,Municipality,,x,,x,Morgan,1,South Platte,40.270438,-103.829708,G,,M,,,
"Longmont, City of",45970,G,2410869,G,64205,G,Longmont,G,CO0107485,G,,N,Longmont,G,Municipality,,x,,x,"Boulder, Weld",2,South Platte,40.169066,-105.099499,G,https://www.longmontcolorado.gov/,G,https://www.longmontcolorado.gov/home/showdocument?id=18063,,
Longs Peak Water District,,N,,N,64206,G,,M,CO0107486,G,,N,LongsPeakWD,C,Water District,,x,,x,"Boulder, Weld",2,South Platte,40.214782,-105.095816,G,www.lpwd.org,G,,,Not in the original BNDSS list
"Louisville, City of",46355,G,2410884,G,7029,G,Louisville,G,CO0107487,G,,N,Louisville,G,Municipality,,x,,x,Boulder,1,South Platte,39.970949,-105.14402,G,http://www.louisvilleco.gov/,G,http://cwcbweblink.state.co.us/WebLink/0/doc/194864/Electronic.aspx,,
"Loveland, City of",46465,G,2410886,G,35026,G,Loveland,G,CO0135485,G,,N,Loveland,G,Municipality,,x,,x,Larimer,1,South Platte,40.416724,-105.062065,G,http://www.cityofloveland.org/,G,http://www.ci.loveland.co.us/home/showdocument?id=17846,,
"Lyons, Town of",47070,G,2412930,G,7032,G,Lyons,G,CO0107496,G,,N,Lyons,G,Municipality,,x,,x,Boulder,1,South Platte,40.222857,-105.268858,G,http://www.townoflyons.com/,G,,,
"Mead, Town of",49600,G,2412970,G,62040,G,,M,CO0162500,G,,N,Mead,C,Municipality,,x,,x,Weld,1,South Platte,40.232164,-104.992771,G,http://www.townofmead.org/,G,,,Not in the original BNDSS list
"Merino, Town of",50040,G,2412985,G,38011,G,,M,CO0138025,G,,N,Merino,C,Municipality,,x,,x,Logan,1,South Platte,40.483696,-103.353644,G,http://town.merino.co.us/,G,,,Not in the original BNDSS list
"Milliken, Town of",50480,G,2413000,G,62043,G,Milliken,G,CO0162511,G,,N,Milliken,G,Municipality,,x,,x,Weld,1,South Platte,40.310302,-104.85572,G,http://millikenco.gov/,G,,,
Miners Mesa Residential Metropolitan District,,N,,N,24010,G,MinersMesaResMD,G,,M,,N,MinersMesaResMD,G,Metropolitan District,,x,,x,Gilpin,1,South Platte,40.186886,-105.073227,g1,,M,,,
Morgan County Quality Water District,,N,,N,64094,G,MCQWD,G,CO0144020,G,,N,MCQWD,G,Water District,,x,,x,"Morgan, Washington",2,South Platte,40.296777,-103.837642,G,https://www.mcqwd.org/,G,,,
Mountain Water and Sanitation District,,N,,N,64095,G,MtnWSD,G,CO0130100,G,,N,MtnWSD,G,Water and Sanitation District,,x,,x,"Clear Creek, Jefferson, Park",3,South Platte,39.499725,-105.35472,G,www.mtwaterandsan.com,G,,,
"Nederland, Town of",53175,G,2413037,G,7033,G,,M,CO0107538,G,,N,Nederland,C,Municipality,,x,,x,Boulder,1,South Platte,39.96328,-105.507173,G,http://nederlandco.org/,G,,,Not in the original BNDSS list
North Carter Lake Water District,,N,,N,35029,G,NCarterLakeWD,G,CO0135553,G,,N,NCarterLakeWD,G,Water District,,x,,x,Larimer,1,South Platte,40.362093,-105.235004,G,http://nclwd.org/,G,,,
North Weld County Water District,,N,,N,64103,G,NWCWD,G,CO0162553,G,,N,NWCWD,G,Water District,,x,,x,"Larimer, Weld",2,South Platte,40.528472,-104.721275,G,www.nwcwd.org,G,,,
Northern Colorado Water Conservancy District,,N,,N,64105,G,NCWCD,G,,N,,N,NCWCD,G,Water Conservancy District,,x,,x,"Boulder, Broomfield, Larimer, Logan, Morgan, Sedgwick, Washington, Weld",8,South Platte,40.442862,-104.403662,G,http://www.northernwater.org/sf/Home,G,,,Not in the Covered Entities database
"Nunn, Town of",55045,G,2413059,G,62045,G,,M,CO0162559,G,,N,Nunn,C,Municipality,,x,,x,Weld,1,South Platte,40.713256,-104.788313,G,http://www.nunncolorado.com/,G,,,Not in the original BNDSS list
"Otis, Town of",56365,G,2413094,G,61006,G,Otis,G,CO0161010,G,,N,Otis,G,Municipality,,x,,x,Washington,1,South Platte,40.150129,-102.962139,G,https://www.colorado.gov/pacific/townofotis,G,,,
"Ovid, Town of",56475,G,2413096,G,58007,G,Ovid,G,CO0158005,G,,N,Ovid,G,Municipality,,x,,x,Sedgwick,1,South Platte,40.960818,-102.388343,G,http://www.ovidcolorado.com/,G,,,
"Paoli, Town of",57245,G,2413107,G,48006,G,,M,CO0148010,G,,N,Paoli,C,Municipality,,x,,x,Phillips,1,South Platte,40.612758,-102.471769,G,,M,,,Not in the original BNDSS list
"Peetz, Town of",58235,G,2413123,G,38016,G,Peetz,G,CO0138030,G,,N,Peetz,G,Municipality,,x,,x,Logan,1,South Platte,40.961878,-103.113943,G,https://www.sites.google.com/site/townofpeetz/,G,,,
"Pierce, Town of",59005,G,2413129,G,62046,G,,M,CO0162610,G,,N,Pierce,C,Municipality,,x,,x,Weld,1,South Platte,40.633499,-104.75518,G,http://www.townofpierce.org/,G,,,Not in the original BNDSS list
Pine Brook Water District,,N,,N,7037,G,PineBrookWD,G,CO0107610,G,,N,PineBrookWD,G,Water District,,x,,x,Boulder,1,South Platte,40.047396,-105.311003,G,http://www.pinebrookwater.com/,G,,,
Pinewood Springs Water District,,N,,N,35034,G,PinewoodSpgsWD,G,CO0135610,G,,N,PinewoodSpgsWD,G,Water District,,x,,x,Larimer,1,South Platte,40.279137,-105.355149,G,www.pwswd.com,G,,,
"Platteville, Town of",60160,G,2412489,G,62050,G,Platteville,G,CO0162615,G,,N,Platteville,G,Municipality,,x,,x,Weld,1,South Platte,40.221992,-104.833607,G,http://www.plattevillegov.org/,G,,,
"Raymer, Town of",63045,G,2412533,G,62051,G,,M,CO0162666,G,,N,Raymer,C,Municipality,,x,,x,Weld,1,South Platte,40.607949,-103.843597,G,,M,,,Not in the original BNDSS list
"Sedgwick, Town of",68930,G,2413269,G,58012,G,,M,CO0158010,G,,N,Sedgwick,C,Municipality,,x,,x,Sedgwick,1,South Platte,40.935755,-102.526071,G,https://www.sedgwickcolorado.com/,G,,,Not in the original BNDSS list
"Seibert, Town of",69040,G,2413270,G,32015,G,,M,CO0132015,G,,N,Seibert,C,Municipality,,x,,x,Kit Carson,1,South Platte,39.297967,-102.869524,G,,M,,,Not in the original BNDSS list
"Severance, Town of",69150,G,2413272,G,62053,G,Severance,G,CO0162707,G,,N,Severance,G,Municipality,,x,,x,Weld,1,South Platte,40.527285,-104.865735,G,http://townofseverance.org/,G,http://townofseverance.org/wp-content/uploads/2017/07/2-Severance-MWEP-2017-05-25-Draft.pdf,,
"Silver Plume, Town of",70360,G,2413287,G,10009,G,,M,CO0110035,G,,N,SilverPlume,C,Municipality,,x,,x,Clear Creek,1,South Platte,39.695698,-105.726456,G,http://www.townofsilverplume.org/,G,,,Not in the original BNDSS list
St Marys Glacier Water and Sanitation District,,N,,N,10011,G,StMarysGlacierWSD,G,CO0110040,G,,N,StMarysGlacierWSD,G,Water and Sanitation District,,x,,x,Clear Creek,1,South Platte,39.820528,-105.647939,G,http://stmarysglacier.com/water-sanitation-district/,G,,,Not in the Covered Entities database
"Sterling, City of",73935,G,2411978,G,38019,G,Sterling,G,CO0138045,G,,N,Sterling,G,Municipality,,x,,x,Logan,1,South Platte,40.624426,-103.199017,G,http://www.sterlingcolo.com/,G,http://cwcbweblink.state.co.us/WebLink/0/doc/138965/Electronic.aspx,,
"Stratton, Town of",74485,G,2413341,G,32020,G,,M,CO0132020,G,,N,Stratton,C,Municipality,,x,,x,Kit Carson,1,South Platte,39.302883,-102.603473,G,http://www.strattoncolorado.com/,G,,,Not in the original BNDSS list
Sunset Water District,,N,,N,35042,G,SunsetWD,G,CO0135726,G,,N,SunsetWD,G,Water District,,x,,x,Larimer,1,South Platte,40.591411,-105.127727,G,http://www.sunsetwater.org/default.aspx,G,,,
"Superior, Town of",75640,G,2413354,G,64183,G,Superior,G,,M,,N,Superior,G,Municipality,,x,,x,"Boulder, Jefferson",2,South Platte,39.93359,-105.159291,G,http://superiorcolorado.gov/,G,http://cwcbweblink.state.co.us/WebLink/ElectronicFile.aspx?docid=155927&&dbid=0,,
Superior/McCaslin Interchange Metropolitan District,,N,,N,7074,G,SupMcInterchangeMD,G,,M,,N,SupMcInterchangeMD,G,Metropolitan District,,x,,x,Boulder,1,South Platte,39.954526,-105.166636,G,,M,,,Not in the Covered Entities database
"Timnath, Town of",77510,G,2413391,G,35044,G,,M,CO0055699,G,,N,Timnath,C,Municipality,,x,,x,Larimer,1,South Platte,40.533374,-104.960485,G,http://www.timnath.org/,G,None,,Not in the original BNDSS list
Upper South Platte Water Conservancy,,N,,N,64145,G,,M,,N,,N,UpperSPlatteWCD,C,Water Conservancy District,,x,,x,"Clear Creek, Douglas, Jefferson, Park, Teller",5,South Platte,39.139382,-105.606694,G,http://www.uspwcd.org/,G,,,Not in the original BNDSS list
"Vona, Town of",81690,G,2413437,G,32023,G,,M,CO0132025,G,,N,Vona,C,Municipality,,x,,x,Kit Carson,1,South Platte,39.302119,-102.743352,G,,M,,,Not in the original BNDSS list
"Ward, Town of",82735,G,2413449,G,7042,G,,M,CO0107834,G,,N,Ward,C,Municipality,,x,,x,Boulder,1,South Platte,40.072166,-105.513883,G,http://www.ward-co.org/,G,,,Not in the original BNDSS list
"Wellington Public Works, Town of",83230,G,2413464,G,35047,G,Wellington,G,CO0135838,G,,N,Wellington,G,Municipality,,x,,x,Larimer,1,South Platte,40.698698,-105.005937,G,http://www.townofwellington.com/,G,,,
West Fort Collins Water District,,N,,N,35048,G,WFtCollinsWD,G,CO0135290,G,,N,WFtCollinsWD,G,Water District,,x,,x,Larimer,1,South Platte,40.625033,-105.160776,G,,M,,,
"Wiggins, Town of",84770,G,2413486,G,44016,G,,M,CO0144035,G,,N,Wiggins,C,Municipality,,x,,x,Morgan,1,South Platte,40.228749,-104.072135,G,http://www.wigginsco.com/,G,,,Not in the original BNDSS list
Will-O-Wisp Metropolitan District,,N,,N,47015,G,WillOWispMD,G,CO0147200,G,,N,WillOWispMD,G,Metropolitan District,,x,,x,Park,1,South Platte,39.455944,-105.407797,G,http://www.wowmetro.net/,G,,,Not in the Covered Entities database
"Windsor, Town of",85485,G,2413496,G,64225,G,Windsor,G,CO0162843,G,,N,Windsor,G,Municipality,,x,,x,"Larimer, Weld",2,South Platte,40.467906,-104.921328,G,https://www.windsorgov.com/,G,https://windsorgov.com/DocumentCenter/View/16060,,
"Wray, City of",86310,G,2412310,G,63010,G,Wray,G,CO0163010,G,,N,Wray,G,Municipality,,x,,x,Yuma,1,South Platte,40.080198,-102.228401,G,http://www.wrayco.net/,G,,,
"Yuma, City of",86750,G,2412329,G,63017,G,Yuma,G,CO0163020,G,,N,Yuma,G,Municipality,,x,,x,Yuma,1,South Platte,40.123474,-102.716136,G,http://www.yumacolo.org/,G,,,
Alameda Water and Sanitation District,,N,,N,30001,G,AlamedaWSD,G,CO0130116,G,,N,AlamedaWSD,G,Water and Sanitation District,,x,,x,Jefferson,1,Metro,39.699071,-105.068354,G,,M,None,,Not in the Covered Entities database
Arapahoe County Water and Wastewater Authority,,N,,N,64247,G,ACWWA,G,CO0203002,G,,N,ACWWA,G,Water Authority,,x,,x,"Arapahoe, Douglas",2,Metro,39.601742,-104.838233,g1,https://acwwa.com/,G,https://acwwa.com/DocumentCenter/View/231,,
Arapahoe Estates Water District,,N,,N,3005,G,ArapahoeEstatesWD,G,CO0103001,G,,N,ArapahoeEstatesWD,G,Water District,,x,,x,Arapahoe,1,Metro,39.597582,-104.945845,G,,M,None,,
"Arvada, City of",3455,G,2409737,13,64009,G,Arvada,G,CO0130001,G,,N,Arvada,G,Municipality,,x,,x,"Adams, Jefferson",2,Metro,39.832067,-105.151037,G,http://arvada.org/,G,http://static.arvada.org/docs/1291916807Water_Conservation_Plan.pdf,,
Aspen Park Metropolitan District,,N,,N,65099,G,AspenParkWD,G,,M,,N,AspenParkWD,G,Metropolitan District,,x,,x,Jefferson,1,Metro,39.544132,-105.288684,G,www.aspenparkmetropolitandistrict.org,G,None,,
"Aurora, City of",4000,G,2409757,G,64010,G,Aurora,G,CO0103005,G,,N,Aurora,G,Municipality,,x,,x,"Adams, Arapahoe, Douglas",3,Metro,39.70837,-104.727501,G,https://www.auroragov.org/,G,https://www.auroragov.org/UserFiles/Servers/Server_1881137/File/Residents/Water/Water%20System/Aurora%20Water%20Facts/Final_2015_ConservationPlan_update_3.18.16.pdf,https://www.auroragov.org/residents/water/water_system/aurora_water_facts,
Bancroft-Clover Water and Sanitation District,,N,,N,30004,G,BancroftCloverWSD,G,CO0130133,G,,N,BancroftCloverWSD,G,Water and Sanitation District,,x,,x,Jefferson,1,Metro,39.690418,-105.090753,G,www.bancroft-clover.com,G,None,,
Bear Creek Water and Sanitation District,,N,,N,30005,G,BearCreekWSD,G,CO0130138,G,,N,BearCreekWSD,G,Water and Sanitation District,,x,,x,Jefferson,1,Metro,39.663768,-105.105753,G,http://www.bearcreekwater.org/,G,None,,
Bell Mountain Ranch Water District,,N,,N,18064,G,BellMtnRanchWD,G,CO0118002,G,,N,BellMtnRanchWD,G,Metropolitan District,,x,,x,Douglas,1,Metro,39.303425,-104.864285,G,http://www.bmrmetro.org/bmrmd/index.htm,G,,,Former name was Bell Mountain Ranch Master Metropolitan District
Berkeley Water and Sanitation District,,N,,N,64020,G,BerkeleyWSD,G,CO0116140,G,,N,BerkeleyWSD,G,Water and Sanitation District,,x,,x,"Adams, Jefferson",2,Metro,39.798418,-105.030672,G,www.berkeleywatersanitation.com,G,,,Not in the Covered Entities database
Beverly Hills Mutual Water Company,,N,,N,,N,,M,CO0118001,G,1.99E+10,G,BeverlyHlsMWC,C,Company,,x,,x,Douglas,1,Metro,39.575278,-105.003755,g1,,M,,,Not in the original BNDSS list
Blue Mountain Water District,,N,,N,30010,G,BlueMtnWD,G,CO0130005,G,,N,BlueMtnWD,G,Water District,,x,,x,Jefferson,1,Metro,39.861952,-105.277168,G,,M,,,Not in the Covered Entities database
Bonvue Water and Sanitation District,,N,,N,30011,G,BonvueWSD,G,CO0130152,G,,N,BonvueWSD,G,Water and Sanitation District,,x,,x,Jefferson,1,Metro,39.716255,-105.102582,G,,M,,,Not in the Covered Entities database
Bow Mar Water and Sanitation District,,N,,N,64027,G,BowMarWSD,G,CO0103153,G,,N,BowMarWSD,G,Water and Sanitation District,,x,,x,"Arapahoe, Jefferson",2,Metro,39.627801,-105.051112,G,http://www.bowmarwater.org/,G,None,,
"Brighton, City of",8675,G,2409911,G,64029,G,Brighton,G,CO0101025,G,,N,Brighton,G,Municipality,,x,,x,"Adams, Weld",2,Metro,39.971612,-104.796089,G,http://www.brightonco.gov/,G,http://www.brightonco.gov/DocumentCenter/View/10033,,
Brook Forest Water District,,N,,N,30012,G,BrookForestWD,G,CO0130010,G,,N,BrookForestWD,G,Water District,,x,,x,Jefferson,1,Metro,39.578496,-105.382042,G,www.brookforestwater.org,G,None,,Not in the Covered Entities database
Castle Pines Metropolitan District,,N,,N,18001,G,CastlePinesMD,G,CO0118005,G,,N,CastlePinesMD,G,Metropolitan District,,x,,x,Douglas,1,Metro,39.441474,-104.898042,G,www.castlepinesmetro.com,G,,,
Castle Pines North Metropolitan District,,N,,N,18044,G,CastlePinesNMD,G,CO0118006,G,,N,CastlePinesNMD,G,Metropolitan District,,x,,x,Douglas,1,Metro,39.473849,-104.8985,G,http://cpnmd.org/,G,,,
"Castle Rock, Town of",12415,G,2413179,G,18003,G,CastleRock,G,CO0118010,G,,N,CastleRock,G,Municipality,,x,,x,Douglas,1,Metro,39.376152,-104.853344,G,http://crgov.com/,G,http://crgov.com/DocumentCenter/View/592,,
Castleton Center Water and Sanitation District,,N,,N,18004,G,CastletonCntrWSD,G,,M,,N,CastletonCntrWSD,G,Water and Sanitation District,,x,,x,Douglas,1,Metro,39.408379,-104.870994,G,,M,None,,
Castlewood Water and Sanitation District,,N,,N,65156,G,CastlewoodWSD,G,CO0103166,G,,N,CastlewoodWSD,G,Water and Sanitation District,,x,,x,Arapahoe,1,Metro,39.605655,-104.877791,G,,M,None,,
Centennial Water and Sanitation District,,N,,N,18025,G,CentennialWSD,G,CO0118015,G,,N,CentennialWSD,G,Water and Sanitation District,,x,,x,Douglas,1,Metro,39.5574,-105.024754,G,www.centennialwater.org,G,http://centennialwater.org/wp-content/uploads/2016/11/2016-Water-Efficiency-Plan_Final.pdf,,
Charlou Park Water District,,N,,N,3083,G,CharlouWD,G,CO0103020,G,,N,CharlouWD,G,Water District,,x,,x,Arapahoe,1,Metro,39.634071,-104.920326,G,,M,None,,Not in the Covered Entities database
Chatfield South Water District,,N,,N,18108,G,,M,CO0118175,G,,N,ChatfieldSouthWD,C,Water District,,x,,x,Douglas,1,Metro,39.516212,-105.055301,G,https://www.colorado.gov/pacific/cswd/about-us-0,G,None,,Not in the original BNDSS list
Cherry Creek Valley Water and Sanitation District,,N,,N,3105,G,CherryCreekVlyWSD,G,CO0116175,G,,N,CherryCreekVlyWSD,G,Water and Sanitation District,,x,,x,Arapahoe,1,Metro,39.680373,-104.887358,G,www.ccvwater.org,G,,,
Cherry Creek Village Water District,,N,,N,3014,G,CherryCreekVlgWD,G,CO0103176,G,,N,CherryCreekVlgWD,G,Water District,,x,,x,Arapahoe,1,Metro,39.630543,-104.880157,G,https://www.colorado.gov/cherrycreekvillagewaterdistrict,G,None,,
Cherry Hills Farm Metropolitan District,,N,,N,,z,CherryHillsFarmWS,G,CO0116177,G,,N,CherryHillsFarmWS,G,Metropolitan District,,x,,x,Arapahoe,1,Metro,39.641654,-104.959425,g1,,M,None,,Not in the Covered Entities database
Cherry Hills Heights Water and Sanitation District,,N,,N,3018,G,CherryHlsHtsWSD,G,CO0103178,G,,N,CherryHlsHtsWSD,G,Water and Sanitation District,,x,,x,Arapahoe,1,Metro,39.655029,-104.956895,G,,M,None,,Not in the Covered Entities database
Cherry Hills North Metropolitan District,,N,,N,3019,G,CherryHlsNMD,G,CO0116179,G,,N,CherryHlsNMD,G,Metropolitan District,,x,,x,Arapahoe,1,Metro,39.644041,-104.927229,G,http://chnorthmetro.us/,G,None,,Not in the Covered Entities database; former name was Cherry Hills North Water and Sanitation District
"Cherry Hills Village, City of",13845,G,2409443,G,3023,G,CherryHlsVlg,G,,M,,N,CherryHlsVlg,G,Municipality,,x,,x,Arapahoe,1,Metro,39.637547,-104.948028,G,https://www.cherryhillsvillage.com/,G,,,
Cherrymoor Water,,N,,N,,z,CherrymoorWS,G,CO0116181,G,,N,CherrymoorWS,G,Water District,,x,,x,Denver,1,Metro,39.625995,-104.971847,g1,,M,None,,Not in the Covered Entities database
"Columbine Valley, Town of",16385,G,2413232,G,3029,G,,M,,M,,N,ColumbineVly,C,Municipality,,x,,x,Arapahoe,1,Metro,39.599294,-105.035295,G,http://www.columbinevalley.org/,G,,,Not in the original BNDSS list
Columbine Water and Sanitation District,,N,,N,3030,G,ColumbineWSD,G,CO0103185,G,,N,ColumbineWSD,G,Water and Sanitation District,,x,,x,Arapahoe,1,Metro,39.602824,-105.038575,G,https://www.colorado.gov/columbinewsd,G,None,,Not in the Covered Entities database
"Commerce City, City of",16495,G,2410212,G,1005,G,,M,,M,,N,CommerceCity,C,Municipality,,x,,x,Adams,1,Metro,39.863975,-104.843441,G,http://www.c3gov.com/,G,None,,Not in the original BNDSS list
Consolidated Mutual Water Company,,N,,N,,N,ConMutualWS,G,CO0130021,G,,N,ConMutualWS,G,Company,,x,,x,Jefferson,1,Metro,39.754825,-105.141023,g1,http://www.cmwc.net/,G,,,
Cottonwood Water and Sanitation District,,N,,N,18006,G,CottonwoodWSD,G,CO0118020,G,,N,CottonwoodWSD,G,Water and Sanitation District,,x,,x,Douglas,1,Metro,39.555636,-104.78881,G,www.cottonwoodwater.org,G,,,
Crestview Water and Sanitation District,,N,,N,1006,G,CrestviewWSD,G,CO0101040,G,,N,CrestviewWSD,G,Water and Sanitation District,,x,,x,Adams,1,Metro,39.822272,-105.020394,G,www.crestviewwater.com,G,,,
Denver Water,20000,G,2410324,G,16002,G,DenverWater,G,CO0116001,G,,N,DenverWater,G,Municipality,,x,,x,Denver,1,Metro,39.761976,-104.875766,G,https://www.denverwater.org/,G,https://www.denverwater.org/sites/default/files/water-efficiency-plan-draft.pdf,https://www.denverwater.org/your-water/water-supply-and-planning/supply-data-and-reports,
Devonshire Heights Water and Sanitation District,,N,,N,3035,G,DevonshireHtsWSD,G,CO0103205,G,,N,DevonshireHtsWSD,G,Water and Sanitation District,,x,,x,Arapahoe,1,Metro,39.648846,-104.947753,G,,M,None,,Not in the Covered Entities database
Dominion Water and Sanitation District,,N,,N,65359,G,,M,CO0118021,G,,N,DominionWSD,C,Water and Sanitation District,,x,,x,Douglas,1,Metro,39.499737,-105.063471,G,,M,None,,Not in the original BNDSS list
Douglas County Government,,N,,N,,N,DouglasCo,G,,N,,N,DouglasCo,G,County government,,x,,x,Douglas,1,Metro,39.371997,-104.862504,g1,https://www.douglas.co.us/water/,G,,,Not in the Covered Entities database
Douglas County Water Resource Authority,,N,,N,66300,G,DCWRA,G,,N,,N,DCWRA,G,Water Authority,,x,,x,Douglas,1,Metro,39.371997,-104.862504,g1,,M,None,,Not in the Covered Entities database
"Dukes Mobile Home Park, LLC",,N,,N,,N,DukesMHP,G,,M,2.00E+10,D,DukesMHP,G,Company,,x,,x,Jefferson,1,Metro,39.795335,-105.061817,g1,,M,None,,Not in the Covered Entities database; dissolved in May 2013
East Cherry Creek Valley Water and Sanitation District,,N,,N,3038,G,ECherryCrkVlyWSD,G,CO0103035,G,,N,ECherryCrkVlyWSD,G,Water and Sanitation District,,x,,x,Arapahoe,1,Metro,39.619319,-104.752336,G,http://www.eccv.org/,G,http://www.eccv.org/sites/default/files/uploads/conservation/ConservationPlan.pdf,,
East Valley Metropolitan District,,N,,N,3039,G,EVlyMD,G,CO0103040,G,,N,EVlyMD,G,Metropolitan District,,x,,x,Arapahoe,1,Metro,39.598435,-104.826633,G,www.eastvalleywater.20m.com,G,,,Former name was East Valley Water and Sanitation District
"Edgewater, City of",23135,G,2410399,G,30020,G,Edgewater,G,CO0130237,G,,N,Edgewater,G,Municipality,,x,,x,Jefferson,1,Metro,39.750853,-105.062633,G,http://www.edgewaterco.com/,G,,,
"Englewood, City of",24785,G,2410441,G,3041,G,Englewood,G,CO0103045,G,,N,Englewood,G,Municipality,,x,,x,Arapahoe,1,Metro,39.646791,-104.994293,G,http://www.englewoodco.gov/,G,http://cwcbweblink.state.co.us/WebLink/DocView.aspx?id=189983&page=3&dbid=0,,
Evergreen Metropolitan District,,N,,N,65166,G,EvergreenMD,G,CO0130030,G,,N,EvergreenMD,G,Metropolitan District,,x,,x,Jefferson,1,Metro,39.637966,-105.327573,G,www.evergreenmetrodistrict.com,G,,,
"Federal Heights, City of",26270,G,2410493,G,1009,G,FederalHts,G,CO0101055,G,,N,FederalHts,G,Municipality,,x,,x,Adams,1,Metro,39.865026,-105.015469,G,http://www.fedheights.org/,G,,,
Fehlmann,,N,,N,,N,FehlmannWS,G,,M,1.99E+10,G,FehlmannWS,G,Company,,x,,x,Jefferson,1,Metro,39.668252,-105.096661,g1,,M,None,,Not in the Covered Entities database
"Foxfield, Town of",28105,G,2412649,G,3134,G,Foxfield,G,,M,,N,Foxfield,G,Municipality,,x,,x,Arapahoe,1,Metro,39.588175,-104.785483,G,https://www.foxfieldcolorado.com/,G,,,
Franktown Business Area Metropolitan District,,N,,N,18120,G,FranktownMD,G,,M,,N,FranktownMD,G,Metropolitan District,,x,,x,Douglas,1,Metro,39.386866,-104.751603,G,,M,None,,
Genesee Water and Sanitation District,,N,,N,30033,G,GeneseeWSD,G,CO0130035,G,,N,GeneseeWSD,G,Water and Sanitation District,,x,,x,Jefferson,1,Metro,39.685662,-105.275446,G,www.geneseewater.com,G,,,
"Glendale, City of",30340,G,2410598,G,3043,G,Glendale,G,CO0103055,G,,N,Glendale,G,Municipality,,x,,x,Arapahoe,1,Metro,39.703597,-104.935205,G,http://www.glendale.co.us/,G,,,
"Golden, Public Works, City of",30835,G,2410611,G,30035,G,Golden,G,CO0130040,G,,N,Golden,G,Municipality,,x,,x,Jefferson,1,Metro,39.740617,-105.211681,G,http://www.cityofgolden.net/,G,,,
Grandview Estates Rural Water Conservation District,,N,,N,65674,G,GrandviewEstatesRuralWCD,G,,M,,N,GrandviewEstatesRuralWCD,G,Water Conservancy District,,x,,x,Douglas,1,Metro,39.543863,-104.821153,G,,M,None,,
Grant Water and Sanitation District,,N,,N,64062,G,GrantWSD,G,,M,,N,GrantWSD,G,Water and Sanitation District,,x,,x,"Denver, Jefferson",2,Metro,39.613231,-105.07626,G,https://www.grantwaterandsan.org/,G,,,Not in the Covered Entities database
Green Mountain Water and Sanitation District,,N,,N,30037,G,GreenMtnWSD,G,CO0130321,G,,N,GreenMtnWSD,G,Water and Sanitation District,,x,,x,Jefferson,1,Metro,39.69483,-105.139932,G,www.greenmountainwater.org,G,,,
"Greenwood Village, City of",33035,G,2410661,G,3051,G,GreenwoodVlg,G,CO0073817,G,,N,GreenwoodVlg,G,Municipality,,x,,x,Arapahoe,1,Metro,39.615136,-104.913033,G,http://www.greenwoodvillage.com/,G,,,
Havana Water and Sanitation District,,N,,N,3052,G,HavanaWSD,G,CO0116333,G,,N,HavanaWSD,G,Water and Sanitation District,,x,,x,Arapahoe,1,Metro,39.607037,-104.858862,G,,M,None,,Not in the Covered Entities database
Heather Gardens Metropolitan District,,N,,N,3024,G,HthrGrdnsMD,G,,M,,N,HthrGrdnsMD,G,Metropolitan District,,x,,x,Arapahoe,1,Metro,39.663513,-104.828299,G,,M,,,
Heritage Hills Metropolitan District,,N,,N,18105,G,,M,,M,,N,HeritageHlsMD,C,Metropolitan District,,x,,x,Douglas,1,Metro,39.544959,-104.879095,G,http://www.heritagehillsmetro.org,G,,,Not in the original BNDSS list
High View Water District,,N,,N,30038,G,HighViewWD,G,CO0130344,G,,N,HighViewWD,G,Water District,,x,,x,Jefferson,1,Metro,39.730001,-105.133207,G,https://www.colorado.gov/pacific/hvwddsd/high-view-water-district,G,,,Not in the Covered Entities database
Highlands Ranch Metropolitan District,,N,,N,65783,G,HighlandsRanchMD,G,,M,,N,HighlandsRanchMD,G,Metropolitan District,,x,,x,Douglas,1,Metro,39.541875,-104.96969,G,www.highlandsranch.org,G,,,
Hi-Lin Water and Sanitation District,,N,,N,3054,G,HiLinWSD,G,CO0116343,G,,N,HiLinWSD,G,Water and Sanitation District,,x,,x,Arapahoe,1,Metro,39.672605,-104.927984,G,,M,,,Not in the Covered Entities database
Hillcrest Water and Sanitation District,,N,,N,3055,G,HillcrestWSD,G,CO0103345,G,,N,HillcrestWSD,G,Water and Sanitation District,,x,,x,Arapahoe,1,Metro,39.641657,-104.925929,G,,M,,,
Holly Hills Water and Sanitation District,,N,,N,64077,G,HollyHlsWSD,G,CO0116352,G,,N,HollyHlsWSD,G,Water and Sanitation District,,x,,x,"Arapahoe, Denver",2,Metro,39.664661,-104.918722,G,,M,,,Not in the Covered Entities database
Homestead Water Company,,N,,N,,N,HomesteadWC,G,CO0130050,G,2.01E+10,D,HomesteadWC,G,Company,,x,,x,Jefferson,1,Metro,39.590266,-105.311094,g1,https://www.hch2o.com/,G,,,Not in the Covered Entities database; dissolved in December 2014
Idledale Water and Sanitation District,,N,,N,30041,G,IdledaleWSD,G,CO0130055,G,,N,IdledaleWSD,G,Water and Sanitation District,,x,,x,Jefferson,1,Metro,39.667636,-105.242304,G,,M,,,
Inverness Water and Sanitation District,,N,,N,64080,G,InvernessWSD,G,CO0203012,G,,N,InvernessWSD,G,Water and Sanitation District,,x,,x,"Arapahoe, Douglas",2,Metro,39.570995,-104.863495,G,www.invernesswater.org,G,,,
Ken-Caryl Ranch Water and Sanitation District,,N,,N,30049,G,KenCarylWS,G,CO0103075,G,,N,KenCarylWS,G,Water and Sanitation District,,x,,x,Jefferson,1,Metro,39.567732,-105.151425,G,www.ken-carylwater.org,G,,,
Lakehurst Water and Sanitation District,,N,,N,64082,G,LakehurstWSD,G,CO0130466,G,,N,LakehurstWSD,G,Water and Sanitation District,,x,,x,"Denver, Jefferson",2,Metro,39.638443,-105.112085,G,www.lakehurstwater.org,G,,,
"Lakeside, Town of",42495,G,2412865,G,30053,G,,M,,M,,N,Lakeside,C,Municipality,,x,,x,Jefferson,1,Metro,39.780209,-105.057946,G,,M,,,Not in the original BNDSS list
"Lakewood, City of",43000,G,2411614,G,30055,G,Lakewood,G,CO0130467,G,,N,Lakewood,G,Municipality,,x,,x,Jefferson,1,Metro,39.697801,-105.116772,G,http://www.ci.lakewood.co.us/,G,,,
"Lakewood/Fox Hollow Golf Course, City of",,N,,N,,N,LakeWdFoxHGC,G,,M,,N,LakeWdFoxHGC,G,,,x,,x,Jefferson,1,Metro,39.666093,-105.149047,g1,,M,,,
"Larkspur, Town of",43550,G,2412878,G,18021,G,,M,CO0118030,G,,N,Larkspur,C,Municipality,,x,,x,Douglas,1,Metro,39.231615,-104.892412,G,http://www.townoflarkspur.org/,G,,,Not in the original BNDSS list
"Littleton, City of",45255,G,2410845,G,64085,G,Littleton,G,CO0103476,G,,N,Littleton,G,Municipality,,x,,x,"Arapahoe, Douglas, Jefferson",3,Metro,39.591525,-105.018772,G,http://www.littletongov.org/,G,,,
Lochmoor Water and Sanitation District,,N,,N,64086,G,LochmoorWSD,G,CO0116485,G,,N,LochmoorWSD,G,Water and Sanitation District,,x,,x,"Denver, Jefferson",2,Metro,39.637521,-105.077583,G,,M,,,Not in the Covered Entities database
"Lone Tree, City of",45955,G,2410864,G,18104,G,,M,,M,,N,LoneTree,C,Municipality,,x,,x,Douglas,1,Metro,39.530806,-104.87098,G,http://www.cityoflonetree.com/,G,,,Not in the original BNDSS list
Lookout Mountain Water District,,N,,N,64261,G,LookoutMtnWD,G,CO0110026,G,,N,LookoutMtnWD,G,Water District,,x,,x,"Clear Creek, Jefferson",2,Metro,39.714082,-105.269599,G,www.lookoutmountainwaterdistrict.org,G,,,Not in the Covered Entities database
Loretto Heights,,N,,N,,N,LorettoWS,G,CO0103486,G,,N,LorettoWS,G,,,x,,x,Arapahoe,1,Metro,39.647765,-104.98776,g1,,M,,,Not in the Covered Entities database
Mansfield Heights Water and Sanitation District,,N,,N,3057,G,MansfieldHtsWSD,G,CO0103500,G,,N,MansfieldHtsWSD,G,Water and Sanitation District,,x,,x,Arapahoe,1,Metro,39.642294,-104.93529,G,,M,,,Not in the Covered Entities database
Meadowbrook Water District,,N,,N,30061,G,MeadowbrookWS,G,CO0130500,G,,N,MeadowbrookWS,G,Water District,,x,,x,Jefferson,1,Metro,39.565971,-105.089457,G,www.meadowbrookwaterdistrict.com,G,,,Not in the Covered Entities database
Meridian Metropolitan District,,N,,N,18022,G,MeridianMD,G,CO0218015,G,,N,MeridianMD,G,Metropolitan District,,x,,x,Douglas,1,Metro,39.54726,-104.852203,G,www.meridianmetropolitandistricts.org/#,G,,,
"Morrison, Town of",52075,G,2413014,G,30065,G,Morrison,G,CO0130085,G,,N,Morrison,G,Municipality,,x,,x,Jefferson,1,Metro,39.642922,-105.193672,G,http://town.morrison.co.us/,G,,,
"Mountain View, Town of",52350,G,2413021,G,30067,G,MtnView,G,CO0130518,G,,N,MtnView,G,Municipality,,x,,x,San Miguel,1,Metro,39.774769,-105.056773,G,http://www.townofmountainviewcolorado.org/,G,,,
Mt Vernon Country Club Metropolitan District,,N,,N,30124,G,MtVernonCCWS,G,CO0130090,G,,N,MtVernonCCWS,G,Metropolitan District,,x,,x,Jefferson,1,Metro,39.72549,-105.289508,G,,M,,,Not in the Covered Entities database
North Lincoln Water and Sanitation District,,N,,N,1015,G,NLincolnWSD,G,CO0116552,G,,N,NLincolnWSD,G,Water and Sanitation District,,x,,x,Adams,1,Metro,39.794184,-104.999922,G,,M,,,Not in the Covered Entities database
North Pecos Water and Sanitation District,,N,,N,64100,G,NPecosWSD,G,CO0116553,G,,N,NPecosWSD,G,Water and Sanitation District,,x,,x,"Adams, Denver",2,Metro,39.808757,-104.996664,G,http://northpecoswater.org/,G,,,
North Table Mountain Water and Sanitation District,,N,,N,30070,G,,M,CO0130105,G,,N,NTableMtnWSD,C,Water and Sanitation District,,x,,x,Jefferson,1,Metro,39.793214,-105.183038,G,www.ntmwater.org,G,,,Not in the original BNDSS list
North Washington Street Water and Sanitation District,,N,,N,64102,G,NWashingtonStreetWSD,G,CO0101105,G,,N,NWashingtonStreetWSD,G,Water and Sanitation District,,x,,x,"Adams, Denver",2,Metro,39.826851,-104.967958,G,www.colorado.gov/nwswsd/,G,,,
Northern Douglas County Water and Sanitation District,,N,,N,18015,G,NDouglasCoWSD,G,CO0118016,G,,N,NDouglasCoWSD,G,Water and Sanitation District,,x,,x,Douglas,1,Metro,39.540997,-104.940859,G,http://www.ndcwater.org/,G,,,
Northgate Water District,,N,,N,1017,G,NorthgateWD,G,CO0101106,G,,N,NorthgateWD,G,Water District,,x,,x,Adams,1,Metro,39.823123,-105.022465,G,,M,,,
"Northglenn, City of",54330,G,2411280,G,64198,G,Northglenn,G,CO0101115,G,,N,Northglenn,G,Municipality,,x,,x,"Adams, Weld",2,Metro,39.91065,-104.978275,G,https://www.northglenn.org/,G,https://www.northglenn.org/files/2007WaterConservationPlan.pdf,,
Panorama Park Mutual Water Association,,N,,N,,N,PanoramaParkWS,G,CO0054916,G,1.99E+10,D,PanoramaParkWS,G,Company,,x,,x,Arapahoe,1,Metro,39.679899,-104.909743,g1,,M,,,Not in the Covered Entities database; dissolved in November 2001
Parker Water and Sanitation District,,N,,N,18027,G,ParkerWSD,G,CO0118040,G,,N,ParkerWSD,G,Water and Sanitation District,,x,,x,Douglas,1,Metro,39.498711,-104.80366,G,www.pwsd.org,G,,,
Perry Park Water and Sanitation District,,N,,N,18030,G,PerryParkWSD,G,CO0118045,G,,N,PerryParkWSD,G,Water and Sanitation District,,x,,x,Douglas,1,Metro,39.251676,-104.95328,G,www.ppwsd.org,G,,,
Pinery Water and Wastewater District,,N,,N,,z,,M,CO0118025,G,,N,PineryWD,C,Water District,,x,,x,Douglas,1,Metro,39.438395,-104.763004,g1,https://pinerywater.com/,G,,,Not in the original BNDSS list
Platte Canyon Water and Sanitation District,,N,,N,64110,G,PlatteCanyonWSD,G,CO0103614,G,,N,PlatteCanyonWSD,G,Water and Sanitation District,,x,,x,"Arapahoe, Jefferson",2,Metro,39.592025,-105.062283,G,www.plattecanyon.org,G,,,
Pleasant View Water and Sanitation District,,N,,N,30076,G,PleasantViewWSD,G,CO0054379,G,,N,PleasantViewWSD,G,Water and Sanitation District,,x,,x,Jefferson,1,Metro,39.733176,-105.171514,G,,M,,,
Rangeview Metropolitan District,,N,,N,3110,G,RangeviewMD,G,CO0103666,G,,N,RangeviewMD,G,Metropolitan District,,x,,x,Arapahoe,1,Metro,39.612849,-104.600741,G,http://rangeviewmetro.org/,G,,,Former name was Lowry Range Metropolitan District
Ravenna Metropolitan District,,N,,N,65239,G,,M,CO0118665,G,,N,RavennaMD,C,Metropolitan District,,x,,x,Douglas,1,Metro,39.476286,-105.097215,G,,M,,,Not in the original BNDSS list
Ridgewood Water District,,N,,N,60007,G,RidgewoodWD,G,CO0160400,G,,N,RidgewoodWD,G,Water District,,x,,x,Teller,1,Metro,39.110786,-105.072925,G,http://ridgewoodwater.org/,G,,,
Roxborough Water and Sanitation District,,N,,N,18031,G,RoxboroughWSD,G,CO0118055,G,,N,RoxboroughWSD,G,Water and Sanitation District,,x,,x,"Douglas, Jefferson",2,Metro,39.485191,-105.103884,G,http://www.roxwater.org,G,,,Former name was Roxborough Park Metropolitan District
Sand Creek Metropolitan District,,N,,N,64221,G,SandCreekMD,G,,M,,N,SandCreekMD,G,Metropolitan District,,x,,x,"Adams, Denver",2,Metro,39.76646,-104.791424,G,,M,,,Former name was Gateway Park Metropolitan District
Sedalia Water and Sanitation District,,N,,N,18038,G,SedaliaWSD,G,CO0118060,G,,N,SedaliaWSD,G,Water and Sanitation District,,x,,x,Douglas,1,Metro,39.455078,-104.976586,G,,M,,,
"Sheridan, City of",69645,G,2411885,G,3065,G,SheridanWS,G,CO0103709,G,,N,SheridanWS,G,Municipality,,x,,x,Arapahoe,1,Metro,39.646775,-105.018176,G,ci.sheridan.co.us,G,,,Not in the Covered Entities database
Sheridan Sanitation District,,N,,N,3063,G,SheridanSD1,G,,M,,N,SheridanSD1,G,Sanitation District,,x,,x,Arapahoe,1,Metro,39.64843,-105.024773,G,,M,,,
Sheridan Sanitation District 2,,N,,N,3064,G,,M,,M,,N,SheridanSD2,C,Sanitation District,,x,,x,"Arapahoe, Denver",2,Metro,39.596984,-104.860302,g1,,M,,,Not in the original BNDSS list
Sierra Vista Douglas Mutual Water Company,,N,,N,,N,SierraVistaDouglasMWC,G,,M,1.99E+10,G,SierraVistaDouglasMWC,G,Company,,x,,x,Douglas,1,Metro,39.552089,-104.764108,g1,,M,,,
Silver Heights Water and Sanitation District,,N,,N,18032,G,SilverHtsWSD,G,CO0118075,G,,N,SilverHtsWSD,G,Water and Sanitation District,,x,,x,Douglas,1,Metro,39.423172,-104.866633,G,https://www.silverheightsws.org,G,,,
South Adams County Water and Sanitation District,,N,,N,1021,G,SAdamsCoWSD,G,CO0101140,G,,N,SAdamsCoWSD,G,Water and Sanitation District,,x,,x,Adams,1,Metro,39.864505,-104.850265,G,www.sacwsd.org,G,http://www.sacwsd.org/DocumentCenter/Home/View/283,,
"South Sheridan Water, Sanitary Sewer and Storm Drainage District",,N,,N,30079,G,SSheridanMD,G,CO0130718,G,,N,SSheridanMD,G,Metropolitan District,,x,,x,Jefferson,1,Metro,39.691878,-105.059215,G,http://www.sswssd.com/,G,,,Not in the Covered Entities database
South University Place Water District,,N,,N,,z,SouthUniversityWS,G,CO0103719,G,,N,SouthUniversityWS,G,Water District,,x,,x,Arapahoe,1,Metro,39.641654,-104.959425,g1,,M,,,Not in the Covered Entities database
Southeast Englewood Water District,,N,,N,3072,G,SoutheastEnglewoodWS,G,CO0103720,G,,N,SoutheastEnglewoodWS,G,Water District,,x,,x,Arapahoe,1,Metro,39.590983,-104.961516,G,,M,,,
Southgate Water and Sanitation District,,N,,N,64130,G,SouthgateWD,G,CO0103721,G,,N,SouthgateWD,G,Water District,,x,,x,"Arapahoe, Denver, Douglas",3,Metro,39.577642,-104.901578,G,www.southgatedistricts.org,G,,,
Southwest Cherry Hills Water District,,N,,N,,z,SouthwestCherryHillsWS,G,CO0103722,G,,N,SouthwestCherryHillsWS,G,Water District,,x,,x,Arapahoe,1,Metro,39.641654,-104.959425,g1,,M,,,Not in the Covered Entities database
Southwest Metropolitan Water and Sanitation District,,N,,N,64131,G,SouthwestMetro,G,CO0103723,G,,N,SouthwestMetro,G,Water and Sanitation District,,x,,x,"Arapahoe, Douglas, Jefferson",3,Metro,39.583433,-105.090755,G,www.swmetrowater.org,G,,,
Southwest Suburban Denver Water and Sanitation District,,N,,N,30081,G,SouthwestSuburbanWSD,G,CO0130724,G,,N,SouthwestSuburbanWSD,G,Water and Sanitation District,,x,,x,Jefferson,1,Metro,39.616254,-105.109301,G,http://www.swsdwaterandsan.org/index.html,G,,,Not in the Covered Entities database
Stonegate Village Metropolitan District,,N,,N,18043,G,StonegateVlgMD,G,CO0118076,G,,N,StonegateVlgMD,G,Metropolitan District,,x,,x,Douglas,1,Metro,39.53044,-104.802179,G,https://www.svmd.org/,G,,,Not in the Covered Entities database
Teller County Water and Sanitation District,,N,,N,60011,G,TellerCoWD,G,CO0160600,G,,N,TellerCoWD,G,Water and Sanitation District,,x,,x,Teller,1,Metro,39.012103,-105.056056,G,http://tellerwater1.com/,G,,,
"Thornton, City of",77290,G,2412064,G,64264,G,Thornton,G,CO0101150,G,,N,Thornton,G,Municipality,,x,,x,"Adams, Weld",2,Metro,39.920507,-104.944528,G,https://www.cityofthornton.net/Pages/default.aspx,G,https://www.thorntonwater.com/pdfs/cot_conservation_plan.pdf,,
Thunderbird Water and Sanitation District,,N,,N,18033,G,,M,CO0118078,G,,N,ThunderbirdWSD,C,Water and Sanitation District,,x,,x,Douglas,1,Metro,39.410731,-105.028831,G,http://thunderbirdwater.com/,G,,,Not in the original BNDSS list
"Titan Road Industrial Park Water Association, Inc",,N,,N,,N,TitanRdIndstrlParkWA,G,CO0218031,G,1.99E+10,G,TitanRdIndstrlParkWA,G,Company,,x,,x,Douglas,1,Metro,39.502745,-105.018407,g1,,M,,,
United Water and Sanitation District,,N,,N,65107,G,,M,,M,,N,UnitedWSD,C,Water and Sanitation District,,x,,x,Elbert,1,Metro,39.539525,-104.614688,G,https://www.unitedwaterdistrict.com/,G,,,Not in the original BNDSS list
Valley Water Company,,N,,N,,N,VlyWC,G,CO0145750,G,1.99E+10,G,VlyWC,G,Company,,x,,x,Otero,1,Metro,39.791292,-105.135353,g1,,M,,,Not in the Covered Entities database
View Ridge Mutual Water Company,,N,,N,,N,ViewRidgeMWC,G,CO0118080,G,1.99E+10,G,ViewRidgeMWC,G,Company,,x,,x,Douglas,1,Metro,39.517516,-105.063297,g1,,M,,,
Westcreek Lakes Water District,,N,,N,18035,G,WestcreekLakesWD,G,CO0118085,G,,N,WestcreekLakesWD,G,Water District,,x,,x,Douglas,1,Metro,39.1417,-105.159107,G,,M,,,
Westlake Water and Sanitation District,,N,,N,,z,,M,CO0101165,G,,N,WestlakeWSD,C,Water and Sanitation District,,x,,x,Adams,1,Metro,39.944575,-105.039649,g1,,M,,,Not in the original BNDSS list
"Westminster, City of",83835,G,2412237,G,64153,G,Westminster,G,CO0101170,G,,N,Westminster,G,Municipality,,x,,x,"Adams, Jefferson",2,Metro,39.88367,-105.062408,G,https://www.cityofwestminster.us/,G,http://www.waterdm.com/sites/default/files/City%20of%20Westminster%20%282013%29%20Water%20Conservation%20Plan.pdf,,
Westwood Lakes Water District,,N,,N,60013,G,,M,CO0160750,G,,N,WestwoodLakesWD,C,Water District,,x,,x,Teller,1,Metro,38.977152,-105.083813,G,http://westwoodlakeswater.org/,G,,,Not in the original BNDSS list
Wheat Ridge Water District,,N,,N,30092,G,WheatRidgeWD,G,CO0130842,G,,N,WheatRidgeWD,G,Water District,,x,,x,Jefferson,1,Metro,39.772507,-105.076221,G,http://www.wrwdistrict.com,G,,,
Willowbrook,,N,,N,30095,G,WillowbrookWS,G,CO0130843,G,,N,WillowbrookWS,G,Water and Sanitation District,,x,,x,Jefferson,1,Metro,39.616557,-105.163712,G,http://www.willowbrookwater.org/,G,,,Not in the Covered Entities database
Willows Water District,,N,,N,3081,G,WillowsWD,G,CO0103100,G,,N,WillowsWD,G,Water District,,x,,x,Arapahoe,1,Metro,39.582591,-104.923777,G,www.willowswater.org,G,,,
